{
  "a_name": "exp_0_full",
  "a_description": "hms",
  "batch_size": 16,
  "train_image_size": [518, 518],
  "test_image_size": [518, 518],
  "num_workers": 4,
  "accumulation_steps": 2,
  "smoothing_value": 0.1,
  "use_mixup": true,
  "use_cutmix": false,
  "image_mode": "rgb",
  "raw_model": "vit",
  "eeg_spec_type": "ver1",
  "raw_50_type": "ver1",
  "model_ema_decay": 0.995,
  "start_ema_epoch": 0,
  "lr": 0.00017,
  "epoch_end": 6,
  "num_epoch": 10,
  "weight_decay": 0.02,
  "mixup_alpha": 1.0,
  "pretrained": "",
  "backbone": "vit_small_patch14_reg4_dinov2.lvd142m",
  "optimizer": "Adan"
}
